No.,Food Name,Calorie,Protein,Fat,Carbohidrat,Price,link foto,how to cook,,,
1,Dodol bali,298,"3,7","2,1","65,9",20000,https://img-global.cpcdn.com/recipes/d6c40d46efeae75c/680x482cq70/jaje-dodol-injin-bali-dodol-ketan-hitam-bali-foto-resep-utama.jpg,"Bahan-bahan:

- 100 gram tepung ketan
- 200 ml air
- 100 ml santan
- 100 gram gula merah, serut halus
- 1/4 sendok teh garam
- Daun pisang secukupnya untuk membungkus

Langkah-langkah:

1. Campur tepung ketan dengan air, aduk rata hingga tidak ada gumpalan.

2. Panaskan santan dalam panci kecil dengan api sedang. Setelah santan hangat, tambahkan gula merah serut dan garam. Aduk hingga gula merah larut dalam santan.

3. Tambahkan campuran tepung ketan ke dalam panci. Aduk terus dengan api kecil hingga adonan mengental dan berubah menjadi seperti adonan dodol yang kenyal.

4. Siapkan daun pisang, panggang sebentar di atas api untuk membuatnya lebih fleksibel.

5. Ambil sejumput adonan dodol dan letakkan di atas daun pisang yang telah dipanggang. Bentuk adonan menjadi bulat atau lonjong, lalu bungkus dengan rapi menggunakan daun pisang.

6. Biarkan dodol Bali dingin dan mengeras sebelum disajikan.

Selamat menikmati Dodol Bali!
",,,
2,Dodol galamai,348,"0,4","3,8","76,1",25000,https://www.saribundo.biz/wp-content/uploads/2017/07/Resep-Galamai-Legit-Dodol-Khas-Sumatera-Barat.jpg,,,,
3,Dodol kedondong,331,"1,9","7,6","63,8",15000,https://melayupedia.com/foto_berita/2021/11/2021-11-17-uniknya-oleh-oleh-khas-riau-olahan-kedondong-jadi-dodol.jpeg,,,,
4,Dodol manado,373,"4,3","16,5","51,9",18000,https://ksmtour.com/media/images/articles9/dodol-amurang-manado.jpg,,,,
5,Emping beras,403,"10,6","2,2","85,3",12000,https://id-test-11.slatic.net/p/8d475dd96749024eb4626810ea458829.jpg,"Bahan-bahan:
- 50 gram emping beras
- Air secukupnya untuk merendam
- Minyak goreng secukupnya untuk menggoreng

Langkah-langkah:

1. Rendam emping beras dalam air selama minimal 1 jam atau sesuai petunjuk pada kemasan, agar emping menjadi lunak dan mudah digoreng. Pastikan airnya cukup untuk merendam emping.

2. Setelah emping direndam, tiriskan air rendamannya.

3. Panaskan minyak goreng dalam wajan dengan api sedang.

4. Masukkan emping beras ke dalam wajan dengan hati-hati. Pastikan emping terendam minyak secara merata.

5. Goreng emping beras hingga berubah warna menjadi kecokelatan dan teksturnya renyah. Hal ini membutuhkan sekitar 2-3 menit.

6. Angkat emping beras dari wajan dan tiriskan minyaknya menggunakan saringan atau tisu dapur.

7. Biarkan emping beras dingin sebentar sebelum disajikan.

8. Emping beras siap disajikan sebagai camilan atau sebagai pelengkap dalam hidangan lainnya.

Selamat menikmati Emping Beras dalam ukuran porsi yang Anda inginkan!
",,,
6,Gemblong,274,"1,7","5,4","55,5",10000,https://asset.kompas.com/crops/I3Y-iWTZTZ0TLo5ZTtNqPtrya_s=/0x73:1280x926/750x500/data/photo/2020/08/16/5f3913fdc5e69.jpg,,,,
7,Gendar goreng,407,"6,4","28,2","32,0",8000,https://img-global.cpcdn.com/recipes/1e4a5c555465abf2/1200x630cq70/photo.jpg,,,,
8,Intip goreng,474,"7,6","21,6","62,3",10000,https://img-global.cpcdn.com/recipes/4dece0e171a7ee52/1200x630cq70/photo.jpg,,,,
9,Jagung gerontol,156,"2,7","1,3","33,3",5000,https://img-global.cpcdn.com/recipes/763fb46246f99eb2/680x482cq70/grontol-jagung-foto-resep-utama.jpg,,,,
10,Jagung titi,374,"9,4","2,2","79,1",7000,https://cdn-2.tstatic.net/kupang/foto/bank/images/jagung-titi_20150423_162505.jpg,"Bahan-bahan:
- 1 buah jagung manis
- Air secukupnya
- Garam secukupnya (opsional)
- Mentega secukupnya (opsional)

Langkah-langkah:

1. Kupas kulit jagung manis dan bersihkan dari serabutnya.

2. Potong jagung menjadi beberapa bagian sesuai keinginan.

3. Siapkan panci dengan air yang cukup untuk merebus jagung.

4. Panaskan air dalam panci hingga mendidih.

5. Masukkan potongan jagung ke dalam air mendidih.

6. Rebus jagung selama sekitar 8-10 menit, atau sampai jagung matang dan teksturnya lembut.

7. Setelah jagung matang, tiriskan dari air.

8. Jika diinginkan, taburi garam secukupnya pada jagung yang telah direbus.

9. Jagung Titi siap disajikan. Anda juga bisa menambahkan mentega sebagai pelengkap untuk memberikan rasa yang lebih kaya.

Selamat menikmati Jagung Titi!
",,,
11,Kue bangen,442,"3,3","14,7","74,2",6000,https://nilaigizi.com/assets/images/produk/produk_1538366586.JPG,,,,
12,Kue gelang,448,"5,8","16,1","70,0",7000,https://khalfani.co.id/wp-content/uploads/2022/01/kukis-gelang.jpg,,,,
13,Kue jahe,425,"1,6","8,8","84,6",8000,https://img.inews.co.id/media/822/files/inews_new/2021/12/24/Kue_jahe.jpg,,,,
14,Kue kelapa,591,"5,6","42,1","47,5",9000,https://img-global.cpcdn.com/recipes/Recipe_2014_06_07_16_47_15_144_58897c/1200x630cq70/photo.jpg,,,,
15,Kue koa,340,"4,8","0,4","79,3",10000,https://img-global.cpcdn.com/recipes/79c863559034d172/680x482cq70/22-kue-koa-2-bahan-foto-resep-utama.jpg,"Bahan-bahan:
- 50 gram tepung terigu
- 25 gram gula pasir
- 1/4 sendok teh vanila
- 1/4 sendok teh baking powder
- 1 butir telur
- 50 ml air matang
- Minyak goreng secukupnya untuk menggoreng

Langkah-langkah:

1. Campurkan tepung terigu, gula pasir, vanila, dan baking powder dalam sebuah wadah.

2. Tambahkan telur ke dalam campuran tepung dan aduk rata.

3. Tuangkan air sedikit-sedikit sambil terus mengaduk hingga adonan menjadi kental dan tercampur sempurna. Pastikan tidak ada gumpalan dalam adonan.

4. Panaskan minyak goreng dalam wajan dengan api sedang.

5. Ambil satu sendok makan adonan kue koa dan tuang ke dalam wajan dengan minyak panas. Bentuk adonan menjadi lingkaran dengan bantuan sendok.

6. Goreng adonan kue koa hingga berwarna kecokelatan dan teksturnya renyah. Balik adonan jika bagian bawahnya sudah matang.

7. Angkat kue koa dari wajan dan tiriskan minyaknya menggunakan saringan atau tisu dapur.

8. Biarkan kue koa dingin sebentar sebelum disajikan.

9. Kue koa siap disajikan sebagai camilan atau sebagai hidangan penutup.

Selamat menikmati Kue Koa dalam ukuran porsi yang Anda inginkan!
",,,
16,Kue ku temu,214,"3,5","0,2","49,6",8000,https://asset-a.grid.id/crop/0x0:0x0/700x465/photo/sasefoto/original/29195_kue-ku.jpg,,,,
17,Kue lumpur,291,"3,6","11,1","44,1",6000,https://img.kurio.network/u_ismzhaT5An97OjUr0AzVYEjCE=/1200x900/filters:quality(80)/https://kurio-img.kurioapps.com/21/09/21/eec4bac2-8193-41bd-b249-22a4afc28519.jpe,,,,
18,Kue pelita,141,"5,3","5,5","17,6",7000,https://cdn1-production-images-kly.akamaized.net/gV0DKPWiS0EMLeuRwtdY_0y0CcA=/0x263:5184x3185/1200x675/filters:quality(75):strip_icc():format(webp)/kly-media-production/medias/3075761/original/005885800_1584086295-kue_pelita.jpg,,,,
19,Kue putu cangkir,304,"5,3","7,0","54,9",9000,https://cdn0-production-images-kly.akamaized.net/qmBhOqFuP47FoFihCGveaq5HHuY=/0x55:999x618/469x260/filters:quality(75):strip_icc():format(webp)/kly-media-production/medias/3604119/original/074802300_1634357850-shutterstock_35503279.jpg,,,,
20,Kue sus,221,"7,5","10,2","24,8",5000,https://img.kurio.network/oOO3Qd0BJX-ZeIC4mRlWyflRM-E=/320x320/filters:quality(80)/https://kurio-img.kurioapps.com/21/12/13/c53ce98b-3582-4fb9-88ed-77204f332289.jpe,"Bahan-bahan:

- 50 ml air
- 25 gram mentega
- 30 gram tepung terigu
- 1 butir telur
- Gula halus secukupnya
- Isian krim atau selai (sesuai selera)

Langkah-langkah:

1. Panaskan oven pada suhu 200 derajat Celsius.

2. Siapkan panci kecil, masukkan air dan mentega. Panaskan hingga mentega meleleh dan air mendidih.

3. Setelah air mendidih, matikan api. Tambahkan tepung terigu ke dalam panci dan aduk dengan cepat hingga adonan tercampur rata dan membentuk bola yang elastis.

4. Biarkan adonan sedikit dingin. Kemudian, tambahkan telur satu per satu sambil terus diaduk hingga adonan menjadi kental dan licin.

5. Letakkan adonan dalam kantong plastik segitiga dengan ujungnya dipotong kecil atau menggunakan spuit kue.

6. Semprotkan adonan dalam bentuk bulat atau lonjong dengan ukuran sesuai selera di atas loyang yang telah dilapisi kertas baking.

7. Panggang kue sus dalam oven yang telah dipanaskan selama 20-25 menit, atau hingga mengembang dan berwarna kecokelatan.

8. Setelah matang, keluarkan kue sus dari oven dan biarkan dingin.

9. Setelah kue sus dingin, potong secara horizontal dan isi dengan krim atau selai favorit Anda.

10. Taburi gula halus di atas kue sus sebagai hiasan tambahan.

Kue Sus siap disajikan. Nikmati kue sus dalam ukuran porsi yang Anda inginkan!

Catatan: Waktu dan suhu pemanggangan dapat bervariasi, jadi perhatikan kondisi kue selama proses pemanggangan untuk mendapatkan hasil yang optimal.
",,,
21,Kue thipan,247,"2,9","4,2","49,5",6000,https://asset.kompas.com/crops/fXb2bs6UVUJNODIGbh7aFfAzUE4=/41x33:950x639/750x500/data/photo/2021/03/05/6041b846aa175.jpg,,,,
22,Martabak india,153,"4,5","4,2","24,3",25000,https://assets-pergikuliner.com/Mta-46xzR0yJTQ2TFciBeycRsME=/fit-in/1366x768/smart/filters:no_upscale()/https://assets-pergikuliner.com/uploads/image/picture/1675341/picture-1573192664.jpg,,,,
23,Martabak mesir,278,"5,1","8,6","45,0",30000,https://awsimages.detik.net.id/community/media/visual/2022/07/24/perbedaan-martabak-telur-dan-martabak-mesir-4.jpeg?w=1200,,,,
24,Putri selat,163,"2,2","6,5","23,8",15000,https://img-global.cpcdn.com/recipes/de8f4d96b379da75/1200x630cq70/photo.jpg,,,,
25,Putu sopa,215,"3,3","4,1","41,1",12000,https://www.tagar.id/Asset/uploads2019/1601422802750-putu-soppa.jpg,"Bahan-bahan:
- 100 gram tepung beras
- 50 gram kelapa parut kasar
- 50 gram gula merah, serut halus
- Daun pandan secukupnya, potong-potong
- Air secukupnya
- Garam secukupnya

Langkah-langkah:

1. Siapkan alat untuk membuat putu sopa, seperti cetakan bambu atau cetakan kue lapis.

2. Campurkan tepung beras dengan sedikit air hingga adonan menjadi lembut dan tidak lengket. Tambahkan sedikit garam sesuai selera dan aduk rata.

3. Panaskan panci dengan air hingga mendidih. Letakkan daun pandan di dalam panci untuk memberikan aroma.

4. Ambil sedikit adonan tepung beras dan masukkan ke dalam cetakan bambu atau cetakan kue lapis. Ratakan permukaan adonan dengan bantuan jari atau sendok.

5. Letakkan gula merah serutan di atas adonan tepung beras dalam cetakan. Tutup kembali dengan adonan tepung beras hingga gula merah tertutup.

6. Tata cetakan bambu atau cetakan kue lapis di atas panci berisi air mendidih. Pastikan air tidak sampai merendam cetakan.

7. Tutup panci dan biarkan adonan matang selama sekitar 10-15 menit. Pastikan adonan tepung beras telah matang dengan merata.

8. Angkat cetakan dari panci dan biarkan putu sopa sedikit dingin sebelum dikeluarkan dari cetakan.

9. Taburi putu sopa dengan kelapa parut kasar sebagai topping.

10. Putu sopa siap disajikan. Nikmati sebagai hidangan penutup atau camilan.

Selamat menikmati Putu Sopa dalam ukuran porsi yang Anda inginkan!
",,,
26,Renggi goreng,471,"4,7","21,8","64,1",7000,https://cdn.idntimes.com/content-images/community/2020/11/melirik-usaha-kue-kering-rengginang-makin-renyah-pasarnya-535a7e298d34dbb6801aed4f4a39447b_600x400.jpg,,,,
27,Roti boong,341,"5,5","16,2","43,3",10000,https://assets.indozone.id/content/2021/10/19/1xs5Wq4/resep-kue-bohong-khas-medan-enaknya-asli-gak-bohongan88_700.jpg,,,,
28,Roti warna sawo matang,249,"7,9","1,5","49,7",9000,https://soc-phoenix.s3-ap-southeast-1.amazonaws.com/wp-content/uploads/2017/07/12194115/Roti-Putih-atau-Roti-Cokelat-2.jpg,,,,
29,Sarimuka,166,"2,3","2,8","32,9",8000,https://img-global.cpcdn.com/recipes/d903354d32abc5c8/400x400cq70/photo.jpg,,,,
30,Getuk pisang,144,"1,1","0,4","34,1",12000,https://suarakonsumen.co/asset/foto_berita/IMG20201126084156.jpg,"Bahan-bahan:

- 1 buah pisang matang
- 50 gram tepung ketan
- 25 gram gula pasir
- 50 ml air
- Kelapa parut secukupnya

Langkah-langkah:

1. Kupas pisang dan haluskan dengan garpu atau blender hingga lembut.

2. Campurkan tepung ketan dan gula pasir dalam sebuah wadah.

3. Panaskan air dalam panci hingga mendidih.

4. Tuangkan air mendidih ke dalam campuran tepung ketan dan gula pasir. Aduk rata hingga adonan menjadi kalis dan tidak lengket.

5. Tambahkan pisang yang telah dihaluskan ke dalam adonan tepung ketan. Aduk hingga semua bahan tercampur merata.

6. Ambil sejumput adonan dan bulatkan menjadi bentuk getuk.

7. Gulingkan getuk dalam kelapa parut hingga seluruh permukaan tertutup rata.

8. Ulangi langkah 6 dan 7 untuk sisa adonan hingga habis.

9. Getuk pisang siap disajikan. Nikmati sebagai camilan atau hidangan penutup.

Selamat menikmati Getuk Pisang!
",,,
31,Tapai beras,99,"1,7","0,3","22,4",15000,https://img-global.cpcdn.com/recipes/a97ef509e54f9546/680x482cq70/tape-beras-khas-kandangan-kalimantan-selatan-foto-resep-utama.jpg,,,,
32,Misoa,345,"8,5","2,2","78,0",12000,https://cdn.idntimes.com/content-images/community/2022/10/fromandroid-31608d4bfe31b1cb50e6309724e69c96.jpg,,,,
33,Roti putih,248,"8,0","1,2","50,0",3000,https://res.cloudinary.com/dk0z4ums3/image/upload/v1630305969/attached_image/ini-alasan-konsumsi-roti-tawar-putih-sebaiknya-dibatasi.jpg,,,,
34,Amparan tatak,191,"1,3","5,5","34,0",8000,https://img.kurio.network/3-fpUOTduqjwC5j2EN8ECvj8S3E=/320x320/filters:quality(80)/https://kurio-img.kurioapps.com/22/01/07/aa368de4-71aa-49da-8edb-6632ed1ce7d0.jpe,,,,
35,"Apang kukus, kue",202,"3,0","0,3","46,7",5000,https://awsimages.detik.net.id/content/2011/06/10/1037/ApangCoeCVR.jpg,"Bahan-bahan:
- 75 gram tepung ketan putih
- 25 gram tepung terigu
- 40 gram gula pasir
- 1/4 sendok teh ragi instan
- 50 ml air hangat
- 25 ml santan kental
- 1/4 sendok teh vanila
- Sejumput garam
- Pewarna makanan (opsional)
- Daun pisang untuk membungkus (opsional)

Langkah-langkah:

1. Campurkan ragi instan dengan air hangat. Aduk rata dan biarkan selama beberapa menit hingga ragi aktif dan berbusa.

2. Dalam sebuah wadah, campurkan tepung ketan putih, tepung terigu, gula pasir, vanila, dan garam. Aduk rata.

3. Tambahkan campuran ragi dan santan kental ke dalam adonan tepung. Aduk rata hingga menjadi adonan yang lembut dan tidak bergerindil.

4. Jika ingin memberikan warna pada apang kukus, tambahkan beberapa tetes pewarna makanan sesuai selera. Aduk rata.

5. Siapkan loyang atau cetakan kukus yang telah dialasi dengan daun pisang (jika menggunakan). Tuangkan adonan ke dalam cetakan hingga setengah penuh.

6. Panaskan panci pengukus dengan air hingga mendidih. Letakkan cetakan dengan adonan apang kukus di atas panci.

7. Kukus apang selama sekitar 15-20 menit hingga matang dan teksturnya menjadi kenyal.

8. Setelah matang, angkat apang kukus dari panci dan biarkan sedikit dingin sebelum disajikan.

9. Apang kukus siap disantap sebagai camilan atau hidangan penutup.

Selamat menikmati Apang Kukus dalam ukuran porsi yang Anda inginkan!
",,,
36,"Apem, kue",148,"2,0","0,5","33,9",6000,https://asset.kompas.com/crops/YuxvVn7BcQ_u2xAGMR6iHVo4dIM=/0x0:360x240/750x500/data/photo/2020/07/09/5f0685eb683db.jpg,,,,
37,Biskuit,458,"6,9","14,4","75,1",4000,https://cdn1-production-images-kly.akamaized.net/o0YCeq51Qo7q2AdU7YIFML3-oSI=/733x0:3541x3745/469x625/filters:quality(75):strip_icc():format(webp)/kly-media-production/medias/3003675/original/003404800_1577085953-shutterstock_599728544.jpg,,,,
38,"Bakpia, kue",272,"8,7","6,7","44,1",10000,https://asset.kompas.com/crops/BZ6Z25Y0XcjtoHBInh10nGsMM2Q=/3x0:700x465/750x500/data/photo/2021/03/17/60514d8851d3e.jpeg,,,,
39,Bakwan,280,"8,2","10,2","39,0",7000,https://cdn0-production-images-kly.akamaized.net/fAtwCwjlS_WHau99Y-nsx8tkkZI=/1x110:1000x673/1200x675/filters:quality(75):strip_icc():format(webp)/kly-media-production/medias/3242626/original/060217000_1600489935-shutterstock_1674069004.jpg,,,,
40,Bika ambon,199,"2,1","1,5","44,4",25000,https://upload.wikimedia.org/wikipedia/commons/4/43/Kue_bika_ambon.JPG,"Bahan-bahan:

- 50 gram tepung terigu
- 25 gram tepung tapioka
- 50 gram gula pasir
- 1/4 sendok teh ragi instan
- 1 butir telur
- 100 ml santan
- 1/4 sendok teh pasta pandan (opsional)
- Minyak untuk olesan

Langkah-langkah:

1. Siapkan wadah dan campurkan tepung terigu, tepung tapioka, gula pasir, dan ragi instan. Aduk rata.

2. Tambahkan telur ke dalam campuran tepung dan gula. Aduk hingga tercampur rata.

3. Tuangkan santan sedikit demi sedikit sambil terus diaduk hingga adonan menjadi licin dan tidak bergerindil.

4. Jika menggunakan pasta pandan, tambahkan pasta pandan ke dalam adonan dan aduk rata.

5. Tutup adonan dengan serbet atau plastik wrap dan diamkan selama kurang lebih 1 jam hingga adonan mengembang.

6. Panaskan oven pada suhu 180 derajat Celsius.

7. Olesi loyang Bika Ambon dengan minyak secara merata.

8. Setelah adonan mengembang, aduk kembali adonan untuk menghilangkan gas yang terbentuk.

9. Tuang adonan ke dalam loyang yang telah diolesi minyak.

10. Panggang dalam oven yang telah dipanaskan selama 30-40 menit atau hingga bagian atas Bika Ambon berwarna keemasan dan matang.

11. Setelah matang, keluarkan Bika Ambon dari oven dan biarkan dingin sejenak.

12. Potong Bika Ambon menjadi beberapa bagian dan sajikan.

Selamat menikmati Bika Ambon dalam ukuran porsi yang Anda inginkan!

Catatan: Waktu dan suhu pemanggangan dapat bervariasi, jadi perhatikan kondisi Bika Ambon selama proses pemanggangan untuk mendapatkan hasil yang optimal.
",,,
41,Bingka,273,"5,3","10,6","39,1",12000,https://img.kurio.network/T0boWklfUdhAu-mH6CusmZQlXiU=/1200x1200/filters:quality(80)/https://kurio-img.kurioapps.com/22/07/11/4dc12f7f-fb0b-47f5-8c2e-0762868a61b6.jpg,,,,
42,Bobengka,225,"5,3","2,6","45,2",9000,https://img-global.cpcdn.com/recipes/b696770750f0d15f/680x482cq70/bobengka-manado-ala-sajian-sedap-foto-resep-utama.jpg,,,,
43,Bolu peca,197,"3,3","4,6","35,6",8000,https://img-global.cpcdn.com/recipes/8640e6ddadd4f19d/1200x630cq70/photo.jpg,,,,
44,Brem,249,"3,4","0,4","58,0",10000,https://jessicabakery.com/wp-content/uploads/2021/12/Resep-Brem-Kue-Kering-Khas-Madiun.jpg,,,,
45,Bubur tinotuan (Manado),156,"2,3","0,2","15,6",15000,https://asset.kompas.com/crops/8IPl4RcIfLh3fkwXhKHPuPHqoz8=/81x22:892x563/750x500/data/photo/2020/05/13/5ebbdec618a37.jpg,"Bahan-bahan:
- 50 gram beras
- 1 liter air
- 50 gram jagung manis, pipil
- 50 gram labu kuning, potong dadu kecil
- 50 gram kangkung, petiki daunnya
- 50 gram bayam, petiki daunnya
- 50 gram daun singkong, petiki daunnya
- 50 gram daun melinjo, petiki daunnya
- 1 batang serai, memarkan
- 2 lembar daun salam
- 2 lembar daun jeruk
- Garam secukupnya
- Merica bubuk secukupnya
- Bawang merah goreng, untuk taburan (opsional)
- Kerupuk, untuk pelengkap (opsional)

Langkah-langkah:

1. Cuci beras hingga bersih, kemudian rendam dalam air selama sekitar 30 menit. Tiriskan.

2. Rebus air dalam panci hingga mendidih. Masukkan beras yang telah direndam. Masak dengan api kecil sambil diaduk-aduk hingga beras menjadi bubur.

3. Tambahkan jagung manis, labu kuning, kangkung, bayam, daun singkong, dan daun melinjo ke dalam panci. Aduk rata.

4. Masukkan serai, daun salam, dan daun jeruk ke dalam panci. Lanjutkan memasak dengan api kecil hingga semua bahan matang dan kuah sedikit mengental. Aduk sesekali agar tidak lengket di bagian bawah panci.

5. Setelah bubur matang, tambahkan garam dan merica bubuk secukupnya. Aduk rata dan cicipi rasanya, sesuaikan jika diperlukan.

6. Angkat bubur tinotuan dari panci dan sajikan dalam mangkuk.

7. Taburi bubur tinotuan dengan bawang merah goreng sebagai taburan tambahan. Anda juga bisa menambahkan kerupuk sebagai pelengkap.

8. Bubur tinotuan siap disajikan dan nikmati selagi hangat.

Selamat menikmati Bubur Tinotuan (Manado) dalam ukuran porsi yang Anda inginkan!
",,,
46,Cake tape,323,"4,9","11,5","50,1",20000,https://resepkoki.id/wp-content/uploads/2016/12/Resep-Bolu-Tape.jpg,,,,
47,Cangkuning,204,"2,8","7,5","31,4",5000,https://i.ytimg.com/vi/xONH7Sk5Id8/maxresdefault.jpg,,,,
48,Jagung gerontol,156,"2,7","1,3","33,3",5000,https://img-global.cpcdn.com/recipes/763fb46246f99eb2/680x482cq70/grontol-jagung-foto-resep-utama.jpg,,,,
49,Jagung titi,374,"9,4","2,2","79,1",7000,https://cdn-2.tstatic.net/kupang/foto/bank/images/jagung-titi_20150423_162505.jpg,,,,
50,"Kelepon, kue",215,"3,7","3,7","41,8",6000,https://images.tokopedia.net/img/KRMmCm/2022/9/21/4a444fbd-fe4f-46d7-8822-3c4897ce7c44.jpg,"Bahan-bahan:

- 50 gram tepung ketan
- 25 ml air pandan (dari daun pandan yang diblender dan disaring)
- Gula merah secukupnya (potong menjadi 1 cm x 1 cm)
- Kelapa parut kasar secukupnya

Langkah-langkah:

1. Campurkan tepung ketan dan air pandan dalam sebuah wadah. Aduk hingga terbentuk adonan yang lembut dan kalis.

2. Ambil sejumput adonan ketan, pipihkan dengan tangan, lalu letakkan sepotong gula merah di tengahnya.

3. Bentuk adonan menjadi bulat dan rapatkan agar gula merah tertutup sempurna.

4. Rebus air dalam panci hingga mendidih.

5. Setelah air mendidih, masukkan kelepon ke dalam air rebus. Biarkan hingga kelepon mengapung dan matang, sekitar 3-5 menit.

6. Angkat kelepon dengan menggunakan saringan atau sendok berlubang, lalu tiriskan.

7. Gulingkan kelepon dalam kelapa parut kasar hingga seluruh permukaan tertutup.

8. Kelepon siap disajikan. Nikmati sebagai camilan atau hidangan penutup.

Selamat menikmati Kelepon dalam ukuran porsi yang Anda inginkan!
",,,
51,Kereput,580,"4,8","39,6","51,1",8000,https://img.ws.mms.shopee.co.id/f67c5ba2083943b455fac60ad79d3789,,,,
52,Keripik gadung,446,"2,8","14,5","76,0",10000,https://batampos.co.id/wp-content/uploads/2018/03/gadung.gif,,,,
53,Keripik kentang,448,"2,7","18,8","67,1",15000,https://asset.kompas.com/crops/8R6DJ3huHovC0eSjJKKFd3sMHnw=/32x12:1000x657/375x240/data/photo/2022/05/25/628d7e2eb24a9.jpg,,,,
54,Keripik singkong,478,"0,9","20,7","72,0",12000,https://img-global.cpcdn.com/recipes/236b8efeb18d8d4c/1200x630cq70/photo.jpg,,,,
55,Keripik singkong berbumbu,481,"2,2","19,7","73,6",15000,https://img-global.cpcdn.com/recipes/633f1c8d57de294b/1200x630cq70/photo.jpg,"Bahan-bahan:
- 150 gram singkong, kupas dan iris tipis
- 1 sendok makan minyak goreng
- 1/2 sendok teh garam
- 1/2 sendok teh bubuk cabe
- 1/2 sendok teh bubuk bawang putih
- 1/2 sendok teh bubuk ketumbar
- 1/4 sendok teh merica bubuk
- 1/4 sendok teh gula
- Air secukupnya untuk merendam singkong
- Minyak goreng secukupnya untuk menggoreng

Langkah-langkah:

1. Rendam irisan singkong dalam air selama sekitar 30 menit agar singkong menjadi lebih renyah saat digoreng. Setelah direndam, tiriskan singkong dan keringkan dengan menggunakan kain bersih atau tisu dapur.

2. Panaskan minyak goreng dalam wajan dengan api sedang.

3. Masukkan singkong ke dalam wajan dengan hati-hati. Pastikan singkong terendam minyak secara merata.

4. Goreng singkong hingga berwarna keemasan dan renyah. Angkat dan tiriskan singkong di atas tisu dapur untuk menghilangkan kelebihan minyak.

5. Panaskan satu sendok makan minyak goreng dalam wajan dengan api sedang.

6. Tambahkan garam, bubuk cabe, bubuk bawang putih, bubuk ketumbar, merica bubuk, dan gula ke dalam wajan. Aduk rata dan masak selama sekitar 1-2 menit hingga bumbu tercampur dan aromanya terasa sedap.

7. Masukkan singkong yang telah digoreng ke dalam wajan dengan bumbu. Aduk rata hingga singkong terbalut dengan bumbu secara merata.

8. Angkat keripik singkong dari wajan dan biarkan dingin sejenak.

9. Keripik singkong berbumbu siap disajikan. Nikmati sebagai camilan atau teman makan nasi.

Selamat menikmati Keripik Singkong Berbumbu dalam ukuran porsi yang Anda inginkan!
",,,
56,Keripik ubi,486,"0,2","23,9","67,6",13000,https://kurio-img.kurioapps.com/21/09/02/38b4842e-bbd0-4c81-9ac4-2f41364dfbfc.jpe,,,,
57,Kerupuk cumi goreng,444,"6,9","14,6","71,3",18000,https://www.agrowindo.com/wp-content/uploads/2017/07/peluang-usaha-kerupuk-cumi.jpg,,,,
58,Kerupuk kemplang (ikan) mentah,325,"1,8","0,4","78,5",16000,https://images.tokopedia.net/img/cache/500-square/product-1/2020/5/11/732896908/732896908_17c76e35-3d0b-46df-bb52-5fe6a8a9c7f4_1560_1560.jpg,,,,keknyaa ini hapus aja deh
59,Kerupuk kemplang goreng,504,"5,6","28,1","57,1",18000,https://asset.kompas.com/crops/Qu-uGRiw6A4NINs_6VhIZBrvp1I=/0x386:667x831/750x500/data/photo/2021/05/12/609b4a1d9af08.jpg,,,,gapapa tik
60,Kerupuk kemplang panggang,356,"9,7","1,1","76,9",20000,https://asset.kompas.com/crops/Qu-uGRiw6A4NINs_6VhIZBrvp1I=/0x386:667x831/750x500/data/photo/2021/05/12/609b4a1d9af08.jpg,"Bahan-bahan:

- 50 gram tepung tapioka
- 25 ml air
- 1/4 sendok teh garam
- 1/4 sendok teh penyedap rasa (opsional)
- Minyak untuk olesan

Langkah-langkah:

1. Campurkan tepung tapioka, air, garam, dan penyedap rasa (jika digunakan) dalam sebuah wadah. Aduk rata hingga terbentuk adonan yang kalis dan tidak lengket.

2. Panaskan wajan anti lengket dengan api sedang.

3. Ambil sejumput adonan dan pipihkan dengan tangan atau alat khusus kemplang. Berikan sedikit minyak pada permukaan adonan agar tidak lengket.

4. Letakkan adonan pipih di atas wajan yang telah dipanaskan. Panggang dengan api sedang hingga kerupuk kemplang berwarna kuning kecoklatan dan mengembang.

5. Balikkan kerupuk kemplang dan panggang sisi lainnya hingga matang sempurna.

6. Angkat kerupuk kemplang dari wajan dan biarkan dingin sejenak.

7. Kerupuk kemplang panggang siap disajikan. Nikmati sebagai camilan atau pendamping hidangan lainnya.

Selamat menikmati Kerupuk Kemplang Panggang dalam ukuran porsi yang Anda inginkan!
",,,gapapa apa? gapapa hapus atau gapapa biarin?
61,Kerupuk mie kuning goreng,476,"0,1","21,1","71,3",10000,https://img-global.cpcdn.com/recipes/5fb34af30ac89440/680x482cq70/menggoreng-kerupuk-mie-kuning-foto-resep-utama.jpg,,,,
62,Kerupuk udang goreng,477,"4,7","20,5","68,5",12000,https://asset.kompas.com/crops/Vol7WU4iu3WSWKNB3nhw8RFCJdE=/0x9:1000x675/750x500/data/photo/2021/07/27/60ff6fb81ffaf.jpg,,,,
63,Kue bangket,338,"1,5","1,2","80,3",8000,https://o-cdn-cas.sirclocdn.com/parenting/original_images/Resep_Kue_Bangket_Jahe.png,,,,
64,Kue putu singkong,217,"1,2","0,5","53,2",9000,https://asset.kompas.com/crops/xu0NV5H6dOJ7OA6rL67FZruW54U=/0x0:1000x667/780x390/data/photo/2021/06/10/60c19ee3dbc24.jpg,,,,
65,"Kacang bogor, rebus",161,"7,7","2,8","27,1",5000,https://img-global.cpcdn.com/recipes/3e2a0f784cdea6c1/680x482cq70/kacang-bogor-rebus-foto-resep-utama.jpg,"Bahan-bahan:
- 100 gram kacang bogor kering
- Air secukupnya untuk merebus
- 1/2 sendok teh garam
- 1/4 sendok teh merica bubuk (opsional)
- Daun jeruk secukupnya (opsional)
- Air es untuk penyajian (opsional)

Langkah-langkah:

1. Rendam kacang bogor dalam air selama minimal 4 jam atau semalaman agar kacang menjadi lebih lunak saat direbus. Jika terlalu keras, rendam lebih lama.

2. Setelah direndam, tiriskan kacang bogor dan cuci bersih dengan air mengalir.

3. Masukkan kacang bogor ke dalam panci dan tambahkan air secukupnya untuk merebus. Pastikan air cukup menutupi kacang.

4. Panaskan panci dengan api sedang dan biarkan kacang bogor mendidih. Setelah mendidih, kecilkan api dan biarkan kacang bogor merebus selama sekitar 30-40 menit atau hingga kacang bogor menjadi lembut. Arahkan sesekali dan tambahkan air jika diperlukan.

5. Setelah kacang bogor matang dan lembut, tambahkan garam, merica bubuk, dan daun jeruk (jika menggunakan) ke dalam panci. Aduk rata dan biarkan merebus selama beberapa menit lagi agar bumbu meresap.

6. Angkat kacang bogor dari panci dan tiriskan.

7. Untuk penyajian, Anda dapat menyajikan kacang bogor rebus dalam keadaan hangat atau dingin. Jika ingin menyajikannya dingin, rendam kacang bogor dalam air es selama beberapa menit sebelum disajikan.

8. Kacang Bogor rebus siap disajikan sebagai camilan atau tambahan dalam hidangan lain, seperti gado-gado atau pecel.

Selamat menikmati Kacang Bogor rebus dalam ukuran porsi yang Anda inginkan!
",,,
66,"Kacang gude, rebus",147,"9,0","0,5","27,5",6000,https://m.andrafarm.com/_andra_farm/gambar_kelompok/a127.jpg,,,,
67,"Kacang hijau, rebus",109,"8,7","0,5","18,3",4000,https://img-global.cpcdn.com/recipes/ce1593f8adfb5530/1200x630cq70/photo.jpg,,,,
68,"Kacang kedelai, goreng",521,"32,2","37,7","22,9",7000,https://img-global.cpcdn.com/recipes/e4e2747431572f24/680x482cq70/kacang-kedelai-goreng-foto-resep-utama.jpg,,,,
69,"Kacang kedelai, rebus",189,"20,2","8,2","12,7",5000,https://img-global.cpcdn.com/recipes/16506aa7fea39497/1200x630cq70/photo.jpg,,,,
70,"Kacang merah kering, rebus",158,"10,3","0,9","28,2",6000,https://asset.kompas.com/crops/fA-swbO75hof2SfnmEsSTtWbuDc=/6x64:806x597/780x390/data/photo/2022/02/16/620c996b3cb39.jpg,"Bahan-bahan:
- 100 gram kacang merah kering
- Air secukupnya untuk merendam dan merebus
- 1/2 sendok teh garam (opsional)

Langkah-langkah:

1. Rendam kacang merah kering dalam air selama minimal 8 jam atau semalam agar menjadi lunak dan mudah direbus. Pastikan airnya cukup untuk merendam kacang.

2. Setelah kacang merah direndam, tiriskan air rendamannya.

3. Masukkan kacang merah ke dalam panci dan tambahkan air secukupnya untuk merebus. Pastikan airnya cukup menutupi kacang.

4. Letakkan panci di atas kompor dengan api sedang hingga air mendidih.

5. Setelah air mendidih, kecilkan api menjadi kecil hingga masak perlahan. Tutup panci dengan tutup panci yang longgar untuk mempercepat proses pemasakan.

6. Rebus kacang merah selama 1-1,5 jam atau hingga kacang merah menjadi lunak dan empuk. Periode pemasakan dapat bervariasi tergantung pada jenis kacang merah yang digunakan.

7. Setelah kacang merah matang, tambahkan garam ke dalam panci dan aduk rata (opsional).

8. Angkat kacang merah dari panci dan tiriskan airnya.

9. Kacang merah rebus siap disajikan sebagai bahan tambahan dalam hidangan lainnya atau sebagai hidangan utama.

Selamat menikmati Kacang Merah Rebus dalam ukuran porsi yang Anda inginkan!
",,,
71,"Kacang merah segar, rebus",144,"10,0","1,0","24,7",5000,https://asset-a.grid.id/crop/0x0:0x0/360x240/photo/2021/09/02/2082228738jpg-20210428015013jpg-20210902093225.jpg,,,,
72,"Kacang mete/biji jambu monyet, goreng",629,"20,4","56,3","19,8",12000,https://img-global.cpcdn.com/recipes/4f25cc206ec3ac25/680x482cq70/kacang-metemede-goreng-dengan-tips-foto-resep-utama.jpg,,,,
73,Kacang tanah rebus dg kulit,360,"13,5","31,2","12,8",3000,https://img-global.cpcdn.com/recipes/7ceb3859fe3a57b3/400x400cq70/photo.jpg,,,,
74,"Kacang tanah, goreng",564,"25,5","44,4","25,5",5000,https://images.tokopedia.net/img/cache/700/VqbcmM/2021/6/16/b69972aa-7b2f-4762-8cbb-eb15ff50e7ee.jpg,,,,
75,"Kacang tanah, rebus",220,"10,6","18,0","8,0",4000,https://img-global.cpcdn.com/recipes/7ceb3859fe3a57b3/400x400cq70/photo.jpg,"Bahan-bahan:
- 100 gram kacang tanah mentah dengan kulit
- Air secukupnya untuk merebus
- 1/2 sendok teh garam
- Daun salam secukupnya (opsional)

Langkah-langkah:

1. Rendam kacang tanah dalam air selama minimal 4 jam atau semalaman agar kulitnya lebih mudah dikupas setelah direbus. Jika tidak ingin mengupas kulitnya, Anda dapat menggunakan kacang tanah dengan kulit langsung.

2. Setelah direndam, tiriskan kacang tanah dan cuci bersih dengan air mengalir.

3. Masukkan kacang tanah ke dalam panci dan tambahkan air secukupnya untuk merebus. Pastikan air cukup menutupi kacang.

4. Panaskan panci dengan api sedang dan biarkan kacang tanah mendidih. Setelah mendidih, kecilkan api dan biarkan kacang tanah merebus selama sekitar 30-40 menit atau hingga kacang tanah menjadi lunak. Arahkan sesekali dan tambahkan air jika diperlukan.

5. Setelah kacang tanah matang, tambahkan garam dan daun salam (jika menggunakan) ke dalam panci. Aduk rata dan biarkan merebus selama beberapa menit lagi agar bumbu meresap.

6. Angkat kacang tanah dari panci dan tiriskan.

7. Kacang Tanah Rebus siap disajikan sebagai camilan atau tambahan dalam hidangan lain, seperti pecel atau gado-gado.

Selamat menikmati Kacang Tanah Rebus dalam ukuran porsi yang Anda inginkan!
",,,
76,"Kacang tolo / tunggak, rebus",138,"10,7","1,1","22,6",6000,https://img-global.cpcdn.com/recipes/e486ea31cffe0892/680x482cq70/kacang-tolo-kacang-tunggak-rebus-5307-foto-resep-utama.jpg,,,,
77,Emping (kerupuk melinjo),345,"12,0","1,5","71,5",10000,https://assets.indozone.id/content/2021/10/31/qEsgvo3/gampang-ini-cara-membuat-emping-melinjo-yang-gurih-dan-renyah30_700.jpg,,,,
78,Tahu goreng,115,"9,7","8,5","2,5",5000,"https://cdn.yummy.co.id/content-images/images/20221230/n8yT9kDhMU5FbWDRL36WlELdLsYMFymn-31363732333836373933d41d8cd98f00b204e9800998ecf8427e.jpg?x-oss-process=image/format,webp",,,,
79,"Bayam, rebus",23,"1,2","0,6","3,7",3000,https://img-global.cpcdn.com/recipes/48c22a75184ac503/680x482cq70/bayam-rebus-minyak-wijen-foto-resep-utama.jpg,,,,
80,"Buncis, rebus",30,"2,2","0,2","6,4",4000,https://asset-a.grid.id/crop/0x0:0x0/700x465/photo/2021/08/31/manfaat-buncis-rebussjpg-20210831114212.jpg,"Bahan-bahan:
- 100 gram buncis segar
- Air secukupnya untuk merebus
- 1/2 sendok teh garam (opsional)

Langkah-langkah:

1. Bersihkan buncis dengan mencuci mereka di bawah air mengalir. Potong ujung buncis yang keras dan buang bagian yang tidak diinginkan.

2. Siapkan panci dan tambahkan air secukupnya untuk merebus buncis. Pastikan airnya cukup untuk menutupi buncis.

3. Letakkan panci di atas kompor dengan api sedang hingga air mendidih.

4. Setelah air mendidih, masukkan buncis ke dalam panci.

5. Rebus buncis selama sekitar 5-7 menit atau hingga buncis menjadi lembut namun tetap renyah. Jangan direbus terlalu lama agar buncis tidak terlalu lembek.

6. Setelah matang, tambahkan garam ke dalam panci dan aduk rata (opsional).

7. Angkat buncis dari panci dan tiriskan airnya.

8. Buncis rebus siap disajikan sebagai hidangan pendamping atau sebagai bahan dalam hidangan lainnya.

Selamat menikmati Buncis Rebus dalam ukuran porsi yang Anda inginkan!
",,,
81,"Daun kacang panjang, kukus",40,"3,7","0,3","8,0",6000,https://img-global.cpcdn.com/recipes/e292903f72bdfe4d/680x482cq70/bening-daun-kacang-foto-resep-utama.jpg,"Bahan-bahan:
- 100 gram daun kacang panjang segar
- Air secukupnya untuk merebus

Langkah-langkah:

1. Bersihkan daun kacang panjang dengan mencucinya di bawah air mengalir. Potong ujung daun yang keras dan buang bagian yang tidak diinginkan.

2. Siapkan panci kukus dan tambahkan air secukupnya ke dalamnya.

3. Panaskan air dalam panci kukus hingga mendidih.

4. Letakkan daun kacang panjang dalam wadah kukusan atau dalam keranjang kukusan.

5. Letakkan wadah kukusan di atas panci kukus yang sudah mendidih.

6. Tutup panci kukus dengan rapat dan biarkan daun kacang panjang dikukus selama sekitar 5-10 menit atau hingga daun kacang panjang menjadi lembut.

7. Setelah matang, angkat daun kacang panjang dari kukusan.

8. Daun kacang panjang kukus siap disajikan sebagai hidangan pendamping atau digunakan dalam hidangan lainnya.

Selamat menikmati Daun Kacang Panjang Kukus dalam ukuran porsi yang Anda inginkan!
",,,
82,"Daun katuk, rebus",53,"5,3","0,9","9,1",5000,https://img-global.cpcdn.com/recipes/95359e13fd948795/680x482cq70/daun-katuk-bening-menu-sehat-foto-resep-utama.jpg,"Bahan-bahan:
- 1 genggam daun katuk segar
- Air secukupnya
- Garam secukupnya (opsional)

Langkah-langkah:

1. Bersihkan daun katuk dengan mencucinya di bawah air mengalir.

2. Siapkan panci dengan air yang cukup untuk merebus daun katuk.

3. Panaskan air dalam panci hingga mendidih.

4. Masukkan daun katuk ke dalam air mendidih.

5. Rebus daun katuk selama sekitar 3-5 menit, atau sampai daun katuk layu dan sedikit lembut.

6. Setelah daun katuk direbus, tiriskan dari air.

7. Jika diinginkan, taburi garam secukupnya pada daun katuk yang telah direbus.

8. Daun katuk yang telah direbus siap disajikan sebagai sayuran pelengkap atau digunakan dalam hidangan lain sesuai keinginan.

Selamat menikmati daun katuk rebus!
",,,
83,"Daun kelor, rebus",61,"6,1","0,9","10,0",4000,https://img-global.cpcdn.com/recipes/ed600b784cb28839/680x482cq70/daun-kelor-rebus-foto-resep-utama.jpg,"Bahan-bahan:
- 1 genggam daun kelor segar
- Air secukupnya
- Garam secukupnya (opsional)

Langkah-langkah:

1. Bersihkan daun kelor dengan mencuci mereka di bawah air mengalir.

2. Siapkan panci dengan air yang cukup untuk merebus daun kelor.

3. Panaskan air dalam panci hingga mendidih.

4. Masukkan daun kelor ke dalam air mendidih.

5. Rebus daun kelor selama sekitar 3-5 menit, atau sampai daun kelor layu dan sedikit lembut.

6. Setelah daun kelor direbus, tiriskan dari air.

7. Jika diinginkan, taburi garam secukupnya pada daun kelor yang telah direbus.

8. Daun kelor yang telah direbus siap disajikan sebagai sayuran pelengkap atau digunakan dalam hidangan lain sesuai keinginan.

Selamat menikmati daun kelor rebus!",,,
84,"Daun mengkudu, kukus",63,"3,8","1,5","11,5",6000,https://img-global.cpcdn.com/recipes/49833231f339c1b4/680x482cq70/pilas-pindang-daun-mengkudu-foto-resep-utama.jpg,,,,
85,"Daun singkong, rebus",31,"3,7","0,6","4,8",3000,https://asset.kompas.com/crops/siQ7ZepxQQUkCIuAlcOvlgclmNM=/0x35:1024x718/750x500/data/photo/2022/02/13/6208f0bb3eb63.jpg,,,,
86,"Daun talas, rebus",27,"1,3","0,2","5,9",4000,https://cdn-2.tstatic.net/belitung/foto/bank/images/buntil-daun-talas.jpg,,,,
87,"Daun ubi merah, kukus",56,"3,1","0,3","13,0",5000,https://img-global.cpcdn.com/recipes/5b7c6c2313a52ba2/680x482cq70/gulai-daun-singkong-foto-resep-utama.jpg,,,,
88,"Kacang panjang, kukus",39,"3,0","0,6","7,6",7000,https://asset-a.grid.id/crop/0x0:0x0/700x465/photo/2021/08/20/kacang-panjangjpg-20210820065144.jpg,,,,
89,"Kacang panjang, rebus",30,"2,3","0,4","5,8",6000,https://asset-a.grid.id/crop/0x0:0x0/x/photo/2021/11/19/603b44e137d47jpg-20211119110638.jpg,,,,
90,"Kangkung, kukus",30,"3,2","0,7","4,7",4000,https://4.bp.blogspot.com/-RMbMCWFD_ZU/UMNJSUXxeWI/AAAAAAAACVk/rxXf3taeKEg/s1600/rujak+kangkung+8.jpg,,,,
91,"Kangkung, rebus",22,"2,5","0,6","3,1",3000,https://asset-a.grid.id/crop/0x0:0x0/360x240/photo/2021/09/26/air-rebusan-kangkungjpg-20210926111727.jpg,,,,
92,"Paria putih, kukus",16,"0,8","0,2","3,4",8000,https://img-global.cpcdn.com/recipes/35ddee8875d754d6/1200x630cq70/photo.jpg,,,,
93,"Selada, rebus",19,"2,7","0,2","2,9",5000,https://asset-a.grid.id/crop/0x0:0x0/360x240/photo/2022/06/07/lettuce-in-water-1024x684jpg-20220607081345.jpg,,,,
94,"Taoge, goreng",88,"3,2","2,1","14,0",6000,https://img.kurio.network/bmizo0RfhrurmaxfSXqouGMMD2s=/1200x900/filters:quality(80)/https://kurio-img.kurioapps.com/21/03/26/55ee220c-cf46-492e-8d45-58bc5fd972b2.jpe,,,,
95,"Taoge, seduh",28,"3,0","0,8","4,0",4000,https://cdn0-production-images-kly.akamaized.net/-77hgKOWZanv0lvl_cqqeAG1VZo=/303x0:1636x1333/1200x1200/filters:quality(75):strip_icc():format(webp)/kly-media-production/medias/3330261/original/062050000_1608607406-tumisan.jpg,,,,
96,"Terung panjang, kukus",23,"1,8","0,1","4,9",7000,https://cdns.klimg.com/merdeka.com/i/w/news/2021/06/10/1316801/670x335/6-khasiat-terong-ungu-untuk-kesehatan-wanita-kaya-antioksidan.jpg,,,,
97,"Wortel, rebus",28,"0,7","0,5","6,3",3000,https://asset-a.grid.id/crop/0x222:594x690/700x0/photo/2022/03/05/manfaat-makan-worteljpg-20220305070713.jpg,,,,
98,"Wortel, kukus",37,"1,0","0,6","8,3",4000,https://www.wikihow.com/images_en/thumb/8/86/Steam-Carrots-Step-6-Version-3.jpg/550px-nowatermark-Steam-Carrots-Step-6-Version-3.jpg,,,,
99,"Asinan Bogor, sayuran",98,"3,9","2,6","14,8",10000,https://2.bp.blogspot.com/-KIrziolXTqk/X2WHIubUfII/AAAAAAAAMZw/YvJr5coUvOsMHoT3Bn42enq-3jX9TdKxwCLcBGAsYHQ/s1600/37420617_1818617494841674_7594512523139743744_n.jpg,,,,
100,"Langsat, segar",56,"0,9","0,2","14,3",15000,https://storage.googleapis.com/manfaat/2018/02/29e550e6-manfaat-buah-langsat.png,,,,
101,"Lemon, segar",34,"0,5","0,8","6,2",8000,https://images.tokopedia.net/img/cache/500-square/VqbcmM/2020/8/16/668b19a2-677d-459a-b719-f97b1e9eccdc.jpg,,,,
102,"Lontar, segar",27,"0,4","0,2","6,0",5000,https://images.tokopedia.net/img/cache/700/VqbcmM/2022/7/19/7366d78a-0047-480c-afce-2ec61fd4fa88.jpg,,,,
103,"Mangga, segar",52,"0,7",0,"12,3",5000,https://tokohinspiratif.id/wp-content/uploads/2019/10/03mangga2.jpg,,,,
104,"Mangga benggala, segar",63,"2,4","0,4","12,4",6000,"https://ik.imagekit.io/dcjlghyytp1/2020/10/hotchicksing-Dyc95dKuGp4-unsplash-595x397.jpg?tr=f-auto,w-448",,,,
105,"Mangga gedong, segar",44,"0,7","0,2","11,2",7000,https://www.rumahtanaman.com/wp-content/uploads/2014/05/GG.jpg,,,,
106,"Mangga golek, segar",63,"0,5","0,2","16,7",8000,"https://ik.imagekit.io/dcjlghyytp1/2018/09/sayurbox-mangofestival-jenismangga-rasanya-manggagolek-595x335.jpg?tr=f-auto,w-448",,,,
107,"Mangga harumanis, segar",46,"0,4","0,2","11,9",10000,"https://ik.imagekit.io/dcjlghyytp1/2020/10/mangga-harumanis-1080-595x595.jpg?tr=f-auto,w-448",,,,
108,"Mangga indramayu, segar",72,"0,8","0,2","18,7",9000,"https://ik.imagekit.io/dcjlghyytp1/2020/10/mangga-indramayu.jpg?tr=f-auto,w-448",,,,
109,"Mangga kopek, segar",56,"0,4","0,2","14,6",7000,https://images.tokopedia.net/img/cache/215-square/shops-1/2021/6/20/2672183/2672183_1b75a874-ca17-4b9f-a282-81ac0179b76d.jpg,,,,
110,"Mangga kwini, segar",86,"0,7","0,5","19,8",8000,"https://ik.imagekit.io/dcjlghyytp1/2020/10/mangga-kweni-ig-595x595.jpg?tr=f-auto,w-448",,,,
111,"Mangga manalagi, segar",133,"1,0","0,1","32,1",12000,"https://ik.imagekit.io/dcjlghyytp1/2020/10/mangga-manalagi-1080-595x595.jpg?tr=f-auto,w-448",,,,
112,"Mangga muda, segar",59,"0,5","0,4","15,1",6000,https://images.tokopedia.net/img/cache/700/product-1/2020/7/9/8875831/8875831_347ae0a9-eb28-44a6-9e72-91ecfaebe967_720_720.jpg,,,,
113,"Manggis, segar",63,"0,6","0,6","15,6",5000,https://img.inews.co.id/media/620/files/inews_new/2021/06/08/cara_mengolah_kulit_manggis.jpg,,,,
114,"Markisa, segar",144,"3,5","1,2","29,8",4000,https://sc04.alicdn.com/kf/U9a58688525d24e25a10c656a5b19874cy.jpg,,,,
115,"Matoa, segar",90,"1,2","0,1","21,1",15000,https://s4.bukalapak.com/img/90611031732/large/data.jpeg,,,,
116,"Melon, segar",37,"0,6","0,4","7,8",10000,https://images.tokopedia.net/img/cache/500-square/VqbcmM/2021/2/1/eff338a9-db72-406b-886b-2df6859de47c.jpg,,,,
117,"Menteng, segar",65,"1,7","0,3","16,1",7000,https://images.tokopedia.net/img/cache/500-square/product-1/2021/2/15/inv/inv_fd9de16a-44eb-42a7-aba2-0a1bab7d1c5b_622_622.jpg,,,,
118,"Nanas palembang, segar",58,"0,7","0,2","13,3",6000,https://s1.bukalapak.com/img/64839521221/large/Nanas_Palembang_Buah_Manis_Harga_Bersahabat_Ukuran_Besar_Gra.jpg,,,,
119,"Nanas, segar",40,"0,6","0,3","9,9",5000,https://asset-a.grid.id/crop/0x0:0x0/360x240/photo/2018/04/08/500280527.jpg,,,,
120,"Nangka masak pohon, segar",106,"1,2","0,3","27,6",10000,https://hastinpratiwi.com/wp-content/uploads/2020/12/Manfaat-nangka-matang.jpg,,,,
121,"Pala, daging, segar",42,"0,3","0,2","10,9",20000,https://res.cloudinary.com/dk0z4ums3/image/upload/v1672648028/attached_image/buah-pala-dan-manfaatnya-bagi-kesehatan.jpg,,,,
122,"Pepaya, segar",46,"0,5","12,0","12,2",4000,https://nilaigizi.com/assets/images/produk/produk_1599054887.jpg,,,,
123,"Pisang ambon, segar",108,"1,0","0,8","24,3",3000,https://images.tokopedia.net/img/cache/700/VqbcmM/2022/5/24/2723c72f-e00a-4862-b558-1c99915d36c0.jpg,,,,
124,"Pisang angleng (pisang ampyang), segar",68,"1,3","0,2","17,2",4000,https://encrypted-tbn0.gstatic.com/images?q=tbn:ANd9GcTqjlhR1Ei-n7Ga4tmpk3UpxevxucOPrSSJFGUh1Buj_8Bl-E2-yPR9oRxZvp4N6YskKYc&usqp=CAU,,,,
125,"Pisang ayam, segar",120,"1,1","0,2","26,8",2000,https://assets.tokko.io/0feaf09b-2761-465e-98df-a8ae8e3d0837/products/images/9239a74b-b3ba-43b0-8368-88ae7940ff5e,,,,
126,"Pisang gapi, segar",127,"2,1","0,3","31,1",3000,https://assets.tokko.io/ed7f41aa-f0e5-4923-a37d-1b675fe754c0/products/images/8613707e-e797-410e-9cea-053706a8aeb6,,,,
127,"Pisang goroho, segar",115,"1,9","0,2","27,9",5000,https://1.bp.blogspot.com/-c-tzC5mdFJk/YAJHRRIDLBI/AAAAAAAANB8/AAMWoCEpuwA-yoMtbM-gGGwP2A5xZM1rwCLcBGAsYHQ/s640/pisang%2Bgoroho%2Basli%2Bmanado%2Bsulawesi%2Btenggara.jpg,,,,
128,"Pisang hijau, segar",117,"2,0","0,3","28,9",3000,https://img.okezone.com/content/2018/01/23/481/1849213/8-keajaiban-yang-bikin-anda-tergoda-memakan-pisang-hijau-UjEtFoevXC.jpg,,,,
129,"Pisang kayu, segar",100,"1,4","0,5","23,6",4000,https://media.istockphoto.com/id/1452251760/id/foto/pisang-kayu.jpg?s=170667a&w=0&k=20&c=TfPxl6qbln-eElWCUM5ZZw6iIy-SMzqBJz8hqQ2aCxw=,,,,
130,"Pisang kepok, segar",109,"0,8","0,5","26,3",4000,https://images.tokopedia.net/img/cache/700/VqbcmM/2022/12/30/96d272db-ce68-4866-807b-567e6b1fcf17.jpg,,,,
131,"Pisang ketip, segar",145,"1,1","0,3","34,5",5000,https://images.tokopedia.net/img/cache/500-square/VqbcmM/2021/8/10/ef1bcf38-0609-425b-bff6-91fd57f62bbb.jpg,,,,
132,"Pisang kidang, segar",96,"1,0","0,2","22,5",4000,https://o-cdn-cas.sirclocdn.com/parenting/images/pisang-merah.width-800.jpegquality-80.jpg,,,,
133,"Pisang lampung, segar",99,"1,3","0,2","25,6",6000,https://images.tokopedia.net/img/cache/700/product-1/2019/10/8/70319360/70319360_9c8b3545-c893-48c9-ae77-675911beaca9_1000_1000,,,,
134,"Pisang mas bali ampenan, segar",92,"1,4","0,2","21,0",7000,https://assets2.rumah-bumn.id/produk/1569982733.jpg,,,,
135,"Pisang mas bali kopang, segar",127,"1,4","0,2","31,8",8000,https://images.tokopedia.net/img/cache/500-square/VqbcmM/2021/6/18/25f855ad-5c91-4641-ac1d-292f9e3708cd.jpg,,,,
136,"Pisang mas, segar",127,"1,4","0,2","33,6",5000,https://assets.klikindomaret.com/share/20117397_1.jpg,,,,
137,"Pisang raja sereh, segar",108,"1,3","0,3","28,2",9000,https://o-cdn-cas.sirclocdn.com/parenting/images/manfaat-pisang-raja-sereh.width-800.format-webp.webp,,,,
138,"Pisang raja, segar",120,"1,2","0,2","31,8",10000,https://asset.kompas.com/crops/WTI1_pfkO93jNqt6bcgiUvr8ov0=/24x23:992x668/750x500/data/photo/2022/07/21/62d8f40e157f8.jpg,,,,
139,"Pisang rotan, segar",98,"1,3","1,2","20,5",6000,https://www.tebetbarat.com/buah/index_files/pisangrotan.jpg,,,,
140,"Pisang talas, segar",113,"1,2","0,2","26,7",7000,https://s3.bukalapak.com/img/874746887/large/Pisang_Talas.jpeg,,,,
141,Pisang tujuh bulan,94,"0,6","0,2","22,5",5000,https://oss.mommyasia.id/photo/5c73a5f98e4d537b0ab7a648?x-oss-process=style/_m,,,,
142,"Pisang ua, segar",128,"0,8","0,5","30,2",6000,https://awsimages.detik.net.id/customthumb/2013/04/01/900/pisangcntt.jpg?w=700&q=90,,,,
143,"Pisang uli, segar",134,"1,1","0,5","35,5",7000,https://s3.bukalapak.com/img/85811020492/large/data.jpeg,,,,
144,"Purut, segar",76,"4,1","1,1","15,2",4000,https://lzd-img-global.slatic.net/g/ff/kf/S78e9c00f9b474798a7c2253728d33684O.jpg_720x720q80.jpg_.webp,,,,
145,"Rambutan binjai, segar",76,"0,5","0,2","18,0",12000,https://www.jualbenihmurah.com/wp-content/uploads/2021/02/buah-binjai.jpg,,,,
146,"Rambutan, segar",69,"0,9","0,1","18,1",10000,https://cdn.idntimes.com/content-images/community/2019/05/rambutan-ftr-a504649459cd0b5769e317f2064d76d7_600x400.jpg,,,,
147,"Salak bali, segar",57,"0,5","0,1","13,6",8000,https://id-live-02.slatic.net/p/a91aa1988e8f2ed759261b1b4ebb5aa3.jpg,,,,
148,"Salak medan, segar",55,"0,4","0,2","12,8",9000,https://images.tokopedia.net/img/cache/700/product-1/2019/7/6/5688428/5688428_aa6ccaee-4062-4912-97cf-acdd735ced93_412_412.jpg,,,,
149,"Salak pondoh, segar",87,"0,8","0,4","20,1",7000,https://home.lapakbuah.com/wp-content/uploads/2021/06/SALAK-PONDOH.jpeg,,,,
150,"Salak, segar",77,"0,4","0,2","20,9",8000,https://images.tokopedia.net/img/cache/500-square/product-1/2020/6/4/358767732/358767732_407e9383-a593-4aa5-a70c-9f0b573df1ba_695_695.jpg,,,,
151,"Sawo duren, segar",64,"1,0","3,1","8,0",10000,https://eventkampus.com/data/artikel/2/7-manfaat-dan-khasiat-sawo-duren-untuk-kesehatan.jpeg,,,,
152,"Sawo kecik, segar",111,"0,9","2,3","21,6",6000,"https://blue.kumparan.com/image/upload/fl_progressive,fl_lossy,c_fill,q_auto:best,w_640/v1634025439/0180e949101fe17710834ba7e13dfbfa.jpg",,,,
153,"Sawo Manila, segar",92,"0,5","1,1","22,4",8000,https://www.rumahtanaman.com/wp-content/uploads/2017/01/Untitled-design.png,,,,
154,"Semangka, segar",28,"0,5","0,2","6,9",5000,https://d1vbn70lmn1nqe.cloudfront.net/prod/wp-content/uploads/2023/05/04071222/Kaya-Nutrisi-Ini-11-Khasiat-Buah-Semangka-untuk-Kesehatan-Tubuh.jpg,,,,
155,"Sirsak, segar",65,"1,0","0,3","16,3",7000,https://www.static-src.com/wcsstore/Indraprastha/images/catalog/full//92/MTA-8800055/afcbandung_buah_sirsak_segar_1kg_full01_uo07vdm9.jpg,,,,
156,"Sowa, segar",48,"1,6","0,6","9,1",6000,https://bibitbunga.com/wp-content/uploads/2016/08/daun-dill-adas-sowa.jpg,,,,
157,"Srikaya, segar",63,"1,1","0,5","13,9",8000,https://t-2.tstatic.net/jogja/foto/bank/images/8-manfaat-mengonsumsi-buah-srikaya.jpg,,,,
158,"Sukun muda, segar",119,"1,4","0,2","28,1",6000,https://titipku.com/blog/wp-content/uploads/2022/11/shutterstock_1777606616.jpg,,,,
159,"Sukun tua, segar",126,"1,6","0,2","24,5",7000,https://images.tokopedia.net/img/cache/500-square/VqbcmM/2021/7/1/ffeb91af-da08-4d68-95df-5677b61d7054.jpg,,,,
161,"Wani, segar",74,"0,8","0,3","17,1",5000,https://www.kintamani.id/wp-content/uploads/Buah-Wani-Khas-Bali-2-1024x1024.jpg,,,,
162,"Mentimun Suri, segar",16,"1,3","0,0","2,1",4000,https://www.yayasankankerpayudaraindonesia.org/images/uploads/2020/05/Timun-Suri-mandira.jpg?var=214557512,,,,
163,"Susu kambing, segar",64,"4,3","2,3","6,6",15000,https://sumbarprov.go.id/images/2017/07/thumbnails/susu_kambing.jpg,,,,
164,"Susu kerbau, segar",160,"6,3","12,0","7,1",18000,https://pict.sindonews.net/dyn/960/salsabila/video/2021/06/13/9/25026/rasakan-kesegaran-susu-kerbau-yang-langsung-diambil-dari-peternakan-npl.png,,,,
165,"Susu kuda, segar",40,"2,0","1,1","5,4",16000,https://assets.pikiran-rakyat.com/crop/0x0:0x0/x/photo/2021/03/02/967292615.jpg,,,,
166,"Susu sapi, segar",61,"3,2","3,5","4,3",12000,https://cdn-2.tstatic.net/manado/foto/bank/images/susu-sapi-segar.jpg,,,,
